fixture_id,ablation_distance,self_noise_mean,self_noise_p90,ablation_exceeds_noise,ablation_gt_noise_mean,formation_ablation_norm,formation_self_noise_norm,formation_meaningful,n_formation_keys,competition,strata
mt_012249215,0.1118,0.1721,0.2039,False,False,0.0,0.0,False,0,champ,BEHAVIOR_HEAVY|FORMATION_HEAVY|HIGH_SHRINKAGE|POTENTIALLY_CONFLICTED|STRONG_EVIDENCE|TACTICAL_CLUSTER_DIVERSE|WEAK_EVIDENCE
mt_978814872,0.2014,0.0452,0.0643,True,True,0.0,0.0,False,0,champ,BEHAVIOR_HEAVY|FORMATION_HEAVY|POTENTIALLY_CONFLICTED|SMALL_N|STRONG_EVIDENCE|WEAK_EVIDENCE
mt_581147561,0.2929,0.0,0.0,True,True,0.0,0.0,False,0,champ,BEHAVIOR_HEAVY|FORMATION_HEAVY|HIGH_SHRINKAGE|WEAK_EVIDENCE
mt_408750625,0.0455,0.0404,0.0455,False,True,0.0,0.0,False,0,laliga2,BEHAVIOR_HEAVY|FORMATION_HEAVY|HIGH_SHRINKAGE|WEAK_EVIDENCE
mt_584193286,0.0227,0.0455,0.0682,False,False,0.0,0.0,False,0,ligue1,BEHAVIOR_HEAVY|FORMATION_HEAVY|HIGH_SHRINKAGE|WEAK_EVIDENCE
mt_257018883,0.25,0.0303,0.0455,True,True,0.0,0.0,False,0,ligue2,BEHAVIOR_HEAVY|FORMATION_HEAVY|HIGH_SHRINKAGE|SMALL_N|WEAK_EVIDENCE
mt_012238074,0.2375,0.0219,0.0329,True,True,0.0,0.0,False,0,champ,BEHAVIOR_HEAVY|FORMATION_HEAVY|HIGH_SHRINKAGE|WEAK_EVIDENCE
mt_196560601,0.053,0.0076,0.0076,True,True,0.0,0.0,False,0,epl,BEHAVIOR_HEAVY|FORMATION_HEAVY|HIGH_SHRINKAGE|WEAK_EVIDENCE
mt_257078632,0.25,0.0101,0.0152,True,True,0.0,0.0,False,0,laliga,BEHAVIOR_HEAVY|FORMATION_HEAVY|HIGH_SHRINKAGE|WEAK_EVIDENCE
